{
	"class_name" : "PinholeCameraParameters",
	"extrinsic" : 
	[
		0.92982531193029105,
		0.36635562180216141,
		-0.034762733892614063,
		0.0,
		-0.21815938556053935,
		0.62483115254384081,
		0.74966159919165087,
		0.0,
		0.29636358039675681,
		-0.68947051364412038,
		0.66090773866684893,
		0.0,
		-0.28229430591324534,
		0.37684199409648445,
		-0.088318089992301785,
		1.0
	],
	"intrinsic" : 
	{
		"height" : 1080,
		"intrinsic_matrix" : 
		[
			935.30743608719376,
			0.0,
			0.0,
			0.0,
			935.30743608719376,
			0.0,
			959.5,
			539.5,
			1.0
		],
		"width" : 1920
	},
	"version_major" : 1,
	"version_minor" : 0
}